field_1,id,latitude,longitude,place_town,place_coun,DN_AM1,DN_AF1,DN_PM1,area_id,city_id,grade,fill,label,name,category_i,sheets,area,bounds,label_coor,residentia,commercial,industrial
"189","97046350",45.465380000000003,-122.591324999999998,Portland,Multnomah,13.947767257690430,31.758638381958008,29.292922973632812,"6055","128",C,#ffff00,,,"3","0",0.001039100581926,"[ [ 45.461460, -122.625650 ], [ 45.562800, -122.568230 ] ]","45.469,-122.609","1","0","0"
"380","189152210",45.473978333300003,-122.613483333299996,Portland,Multnomah,14.216356277465820,31.308189392089844,29.291728973388672,"6055","128",C,#ffff00,,,"3","0",0.001039100581926,"[ [ 45.461460, -122.625650 ], [ 45.562800, -122.568230 ] ]","45.469,-122.609","1","0","0"
"381","189153982",45.464866666699997,-122.604685000000003,Portland,Multnomah,13.933424949645996,31.439195632934570,29.298707962036133,"6055","128",C,#ffff00,,,"3","0",0.001039100581926,"[ [ 45.461460, -122.625650 ], [ 45.562800, -122.568230 ] ]","45.469,-122.609","1","0","0"
"382","189155601",45.471769999999999,-122.599549999999994,Portland,Multnomah,14.786270141601562,31.663541793823246,29.591028213500977,"6055","128",C,#ffff00,,,"3","0",0.001039100581926,"[ [ 45.461460, -122.625650 ], [ 45.562800, -122.568230 ] ]","45.469,-122.609","1","0","0"
"383","189156214",45.473073333300000,-122.598171666699997,Portland,Multnomah,14.531364440917969,31.695865631103516,29.324380874633789,"6055","128",C,#ffff00,,,"3","0",0.001039100581926,"[ [ 45.461460, -122.625650 ], [ 45.562800, -122.568230 ] ]","45.469,-122.609","1","0","0"
"385","189159929",45.473025000000000,-122.591271666699996,Portland,Multnomah,14.261619567871094,31.809434890747070,29.574499130249023,"6055","128",C,#ffff00,,,"3","0",0.001039100581926,"[ [ 45.461460, -122.625650 ], [ 45.562800, -122.568230 ] ]","45.469,-122.609","1","0","0"
"386","189160946",45.473546666700003,-122.590588333300005,Portland,Multnomah,14.527973175048828,31.779644012451172,29.578910827636719,"6055","128",C,#ffff00,,,"3","0",0.001039100581926,"[ [ 45.461460, -122.625650 ], [ 45.562800, -122.568230 ] ]","45.469,-122.609","1","0","0"
"8","70133946",45.482436279100000,-122.715794853899993,Portland,Multnomah,14.976892471313477,30.470251083374023,27.209440231323246,"6058","128",B,#7cb5bd,,,"2","0",0.000423278365128,"[ [ 45.461960, -122.725210 ], [ 45.506980, -122.673960 ] ]","45.479,-122.705","1","0","0"
"219","101666812",45.472071666700003,-122.678453333299998,Portland,Multnomah,15.184647560119627,29.768835067749023,27.262228012084961,"6058","128",B,#7cb5bd,,,"2","0",0.000423278365128,"[ [ 45.461960, -122.725210 ], [ 45.506980, -122.673960 ] ]","45.479,-122.705","1","0","0"
"230","113967781",45.468383333299997,-122.711455555599997,Portland,Multnomah,14.733751296997070,30.976320266723633,27.220054626464844,"6058","128",B,#7cb5bd,,,"2","0",0.000423278365128,"[ [ 45.461960, -122.725210 ], [ 45.506980, -122.673960 ] ]","45.479,-122.705","1","0","0"
"232","113974229",45.468280614900003,-122.713580690300006,Portland,Multnomah,14.592152595520020,30.784967422485352,27.120487213134766,"6058","128",B,#7cb5bd,,,"2","0",0.000423278365128,"[ [ 45.461960, -122.725210 ], [ 45.506980, -122.673960 ] ]","45.479,-122.705","1","0","0"
"306","165330448",45.480626000000001,-122.716515999999999,Portland,Multnomah,14.702493667602541,30.571056365966797,27.099121093750000,"6058","128",B,#7cb5bd,,,"2","0",0.000423278365128,"[ [ 45.461960, -122.725210 ], [ 45.506980, -122.673960 ] ]","45.479,-122.705","1","0","0"
"412","190457933",45.476336666700000,-122.685311666700002,Portland,Multnomah,15.410506248474123,29.682714462280273,27.089878082275391,"6058","128",B,#7cb5bd,,,"2","0",0.000423278365128,"[ [ 45.461960, -122.725210 ], [ 45.506980, -122.673960 ] ]","45.479,-122.705","1","0","0"
"418","190531459",45.477078333300000,-122.687195000000003,Portland,Multnomah,15.299267768859863,29.781354904174805,27.058038711547852,"6058","128",B,#7cb5bd,,,"2","0",0.000423278365128,"[ [ 45.461960, -122.725210 ], [ 45.506980, -122.673960 ] ]","45.479,-122.705","1","0","0"
"419","191027609",45.472305734199999,-122.678487396400001,Portland,Multnomah,15.187578201293945,29.779798507690430,27.277500152587891,"6058","128",B,#7cb5bd,,,"2","0",0.000423278365128,"[ [ 45.461960, -122.725210 ], [ 45.506980, -122.673960 ] ]","45.479,-122.705","1","0","0"
"181","95992990",45.538975778100003,-122.600599592699993,Portland,Multnomah,15.218145370483398,31.346904754638672,29.280773162841797,"6096","128",A,#76a865,A4,South Rose City Park,"1","1",0.000031043182532,"[ [ 45.534950, -122.604790 ], [ 45.540920, -122.596110 ] ]","45.537,-122.601","1","0","0"
"184","96158642",45.518390201099997,-122.714990694199997,Portland,Multnomah,16.029445648193359,27.593629837036133,27.513475418090820,"6074","128",A,#76a865,A7,Arlington Heights,"1","1",0.000057096694242,"[ [ 45.518150, -122.723550 ], [ 45.523990, -122.704650 ] ]","45.521,-122.712","1","0","0"
"249","127129981",45.518536451300001,-122.714364418599999,Portland,Multnomah,16.335754394531250,27.695358276367188,27.513362884521484,"6074","128",A,#76a865,A7,Arlington Heights,"1","1",0.000057096694242,"[ [ 45.518150, -122.723550 ], [ 45.523990, -122.704650 ] ]","45.521,-122.712","1","0","0"
"260","135557424",45.518579399300002,-122.714394063000000,Portland,Multnomah,16.333896636962891,27.797536849975582,27.512832641601562,"6074","128",A,#76a865,A7,Arlington Heights,"1","1",0.000057096694242,"[ [ 45.518150, -122.723550 ], [ 45.523990, -122.704650 ] ]","45.521,-122.712","1","0","0"
"431","191216774",45.549019999999999,-122.644363333300007,Portland,Multnomah,15.745378494262695,31.192390441894531,29.236730575561523,"6125","128",B,#7cb5bd,B10,Irvington and Alameda,"2","1",0.000098362473879,"[ [ 45.542960, -122.650290 ], [ 45.554250, -122.630670 ] ]","45.55,-122.648","1","0","0"
"432","191218932",45.551811666699997,-122.644486666700004,Portland,Multnomah,15.778588294982910,31.241758346557617,29.477525711059570,"6125","128",B,#7cb5bd,B10,Irvington and Alameda,"2","1",0.000098362473879,"[ [ 45.542960, -122.650290 ], [ 45.554250, -122.630670 ] ]","45.55,-122.648","1","0","0"
"190","97048927",45.536949999999997,-122.644700000000000,Portland,Multnomah,16.713363647460938,31.430202484130859,29.296445846557617,"6126","128",B,#7cb5bd,B11,Irvington,"2","1",0.000220644869016,"[ [ 45.535420, -122.657690 ], [ 45.548160, -122.638170 ] ]","45.542,-122.647","1","0","0"
"188","97041514",45.479836666700002,-122.621566666700005,Portland,Multnomah,15.624147415161133,31.243930816650391,29.019298553466797,"6050","128",B,#7cb5bd,B16,Berkeley,"2","1",0.000064390740321,"[ [ 45.464400, -122.626580 ], [ 45.480710, -122.621420 ] ]","45.477,-122.624","1","0","0"
"369","188315192",45.480019524699998,-122.621715199299999,Portland,Multnomah,15.633128166198730,31.281362533569336,29.090034484863281,"6050","128",B,#7cb5bd,B16,Berkeley,"2","1",0.000064390740321,"[ [ 45.464400, -122.626580 ], [ 45.480710, -122.621420 ] ]","45.477,-122.624","1","0","0"
"446","191619039",45.540520000000001,-122.622016666700006,Portland,Multnomah,15.768441200256348,31.251102447509766,28.412826538085938,"6122","128",B,#7cb5bd,B17,Grant HI and Hollywood,"2","1",0.000131139727338,"[ [ 45.535390, -122.638310 ], [ 45.546250, -122.607900 ] ]","45.54,-122.623","1","0","0"
"182","95995137",45.545412618699999,-122.610398205099997,Portland,Multnomah,15.247249603271484,31.550426483154297,28.900814056396484,"6121","128",B,#7cb5bd,B18,Rose City Park,"2","1",0.000110237048802,"[ [ 45.541210, -122.630680 ], [ 45.556740, -122.604700 ] ]","45.553,-122.623","1","0","0"
"444","191616282",45.555295000000001,-122.626488333300003,Portland,Multnomah,15.467388153076172,31.383068084716797,29.234733581542969,"6121","128",B,#7cb5bd,B18,Rose City Park,"2","1",0.000110237048802,"[ [ 45.541210, -122.630680 ], [ 45.556740, -122.604700 ] ]","45.553,-122.623","1","0","0"
"445","191617260",45.555370000000003,-122.626686666699996,Portland,Multnomah,15.435688018798828,31.360345840454102,29.244104385375977,"6121","128",B,#7cb5bd,B18,Rose City Park,"2","1",0.000110237048802,"[ [ 45.541210, -122.630680 ], [ 45.556740, -122.604700 ] ]","45.553,-122.623","1","0","0"
"211","100119694",45.527008333300003,-122.631591666700004,Portland,Multnomah,16.047489166259766,31.242387771606445,29.244731903076172,"6099","128",B,#7cb5bd,B19,Laurelhurst,"2","1",0.000209131282839,"[ [ 45.516510, -122.631840 ], [ 45.533830, -122.612000 ] ]","45.528,-122.624","1","0","0"
"393","189287845",45.529449788199997,-122.620776910399996,Portland,Multnomah,16.534454345703125,31.164476394653320,29.007863998413082,"6099","128",B,#7cb5bd,B19,Laurelhurst,"2","1",0.000209131282839,"[ [ 45.516510, -122.631840 ], [ 45.533830, -122.612000 ] ]","45.528,-122.624","1","0","0"
"13","72288005",45.551028972200001,-122.616241972200001,Portland,Multnomah,15.164094924926758,31.789978027343754,29.334638595581055,"6095","128",B,#7cb5bd,B21,Rose City Park,"2","1",0.000227635986599,"[ [ 45.542830, -122.620570 ], [ 45.555540, -122.578940 ] ]","45.549,-122.596","1","0","0"
"180","95991266",45.549554494299997,-122.588627804200001,Portland,Multnomah,15.422561645507812,31.643722534179688,29.284307479858398,"6095","128",B,#7cb5bd,B21,Rose City Park,"2","1",0.000227635986599,"[ [ 45.542830, -122.620570 ], [ 45.555540, -122.578940 ] ]","45.549,-122.596","1","0","0"
"147","93528506",45.514053333299998,-122.600921666700003,Portland,Multnomah,16.289649963378906,30.448261260986328,27.691389083862305,"6084","128",B,#7cb5bd,B22,Mt. Tabor,"2","1",0.000125519047347,"[ [ 45.505450, -122.612620 ], [ 45.517730, -122.597850 ] ]","45.511,-122.606","1","0","0"
"19","73140023",45.540166930300003,-122.723162630700003,Portland,Multnomah,16.518001556396484,28.097457885742188,27.345741271972656,"6076","128",B,#7cb5bd,B26,Willamette Heights,"2","1",0.000077804316662,"[ [ 45.523570, -122.727930 ], [ 45.540440, -122.697300 ] ]","45.535,-122.716","1","0","0"
"457","192588906",45.511163949199997,-122.696173917899998,Portland,Multnomah,16.493175506591797,29.335456848144531,27.791036605834961,"6065","128",B,#7cb5bd,B28,Portland Heights,"2","1",0.000061334501260,"[ [ 45.507900, -122.701870 ], [ 45.518540, -122.687670 ] ]","45.512,-122.697","1","0","0"
"149","94284521",45.529183333299997,-122.583595000000003,Portland,Multnomah,15.188389778137209,31.467544555664062,29.070833206176754,"6098","128",C,#ffff00,C11,,"3","1",0.000144416892854,"[ [ 45.526870, -122.602180 ], [ 45.533690, -122.576060 ] ]","45.53,-122.582","1","0","0"
"178","95877537",45.527018322700002,-122.578748138700007,Portland,Multnomah,15.201146125793459,31.792032241821289,28.614294052124023,"6098","128",C,#ffff00,C11,,"3","1",0.000144416892854,"[ [ 45.526870, -122.602180 ], [ 45.533690, -122.576060 ] ]","45.53,-122.582","1","0","0"
"390","189283852",45.528205702000001,-122.592514274300001,Portland,Multnomah,15.294343948364258,31.539548873901367,28.552574157714844,"6098","128",C,#ffff00,C11,,"3","1",0.000144416892854,"[ [ 45.526870, -122.602180 ], [ 45.533690, -122.576060 ] ]","45.53,-122.582","1","0","0"
"420","191202735",45.556140736899998,-122.563931614300003,Portland,Multnomah,15.982563972473145,31.632724761962891,29.311408996582031,"6118","128",C,#ffff00,C15,Rose Park,"3","1",0.000111546332695,"[ [ 45.553490, -122.576190 ], [ 45.561030, -122.547510 ] ]","45.557,-122.555","1","0","0"
"7","70064801",45.478079999999999,-122.653663333300003,Portland,Multnomah,16.167366027832031,31.448518753051754,29.321477890014648,"6047","128",C,#ffff00,C18,Westmoreland District,"3","1",0.000072970661317,"[ [ 45.473520, -122.657270 ], [ 45.484490, -122.641800 ] ]","45.479,-122.651","1","0","0"
"366","188303146",45.481643052000003,-122.650748109700004,Portland,Multnomah,16.087692260742188,31.470376968383789,29.249906539916992,"6047","128",C,#ffff00,C18,Westmoreland District,"3","1",0.000072970661317,"[ [ 45.473520, -122.657270 ], [ 45.484490, -122.641800 ] ]","45.479,-122.651","1","0","0"
"367","188306469",45.467518335299999,-122.656982895100001,Portland,Multnomah,16.377693176269531,31.573192596435547,29.179607391357418,"6045","128",C,#ffff00,C19,Sellwod,"3","1",0.000221765564731,"[ [ 45.458350, -122.661770 ], [ 45.470210, -122.638150 ] ]","45.464,-122.654","1","0","0"
"368","188309432",45.460629882799999,-122.643166627599996,Portland,Multnomah,15.964545249938965,31.482397079467773,29.313238143920898,"6045","128",C,#ffff00,C19,Sellwod,"3","1",0.000221765564731,"[ [ 45.458350, -122.661770 ], [ 45.470210, -122.638150 ] ]","45.464,-122.654","1","0","0"
"60","75599170",45.590927777799998,-122.754555555600007,Portland,Multnomah,15.782247543334959,31.632654190063477,29.786222457885746,"6115","128",C,#ffff00,C2,St. Johns,"3","1",0.000256840536954,"[ [ 45.581780, -122.756620 ], [ 45.597190, -122.727890 ] ]","45.591,-122.737","1","0","0"
"186","96260488",45.590871967299996,-122.750630043399994,Portland,Multnomah,15.696526527404785,31.686143875122070,29.687801361083984,"6115","128",C,#ffff00,C2,St. Johns,"3","1",0.000256840536954,"[ [ 45.581780, -122.756620 ], [ 45.597190, -122.727890 ] ]","45.591,-122.737","1","0","0"
"145","93224407",45.497394999999997,-122.639716666699996,Portland,Multnomah,15.909099578857422,31.273130416870117,29.245943069458008,"6052","128",C,#ffff00,C20,,"3","1",0.000174513483222,"[ [ 45.480710, -122.642810 ], [ 45.497720, -122.619510 ] ]","45.493,-122.636","1","0","0"
"370","188318031",45.485641644399998,-122.623703638199999,Portland,Multnomah,15.507698059082031,31.386674880981445,29.215028762817383,"6052","128",C,#ffff00,C20,,"3","1",0.000174513483222,"[ [ 45.480710, -122.642810 ], [ 45.497720, -122.619510 ] ]","45.493,-122.636","1","0","0"
"376","188432780",45.527245066299997,-122.631968121699998,Portland,Multnomah,16.080194473266602,31.243829727172852,29.320810317993164,"6083","128",C,#ffff00,C21,Sunnnyside,"3","1",0.000121784785265,"[ [ 45.512510, -122.634930 ], [ 45.533830, -122.622960 ] ]","45.519,-122.633","1","0","0"
"453","192382107",45.510199319999998,-122.613107110000001,Portland,Multnomah,15.331152915954590,31.238719940185547,28.950313568115234,"6079","128",C,#ffff00,C22,Richmond,"3","1",0.000176251145761,"[ [ 45.497950, -122.622960 ], [ 45.519350, -122.612130 ] ]","45.509,-122.62","1","0","0"
"454","192384390",45.508971150000001,-122.613191630000003,Portland,Multnomah,15.226513862609863,31.263864517211918,28.916610717773438,"6079","128",C,#ffff00,C22,Richmond,"3","1",0.000176251145761,"[ [ 45.497950, -122.622960 ], [ 45.519350, -122.612130 ] ]","45.509,-122.62","1","0","0"
"378","189151463",45.477645000000003,-122.613955000000004,Portland,Multnomah,14.778337478637695,31.156507492065430,29.399650573730469,"6051","128",C,#ffff00,C24,Woodstock,"3","1",0.000073769950790,"[ [ 45.462810, -122.622490 ], [ 45.478830, -122.608510 ] ]","45.475,-122.619","1","0","0"
"379","189151698",45.477722548000003,-122.613955149500001,Portland,Multnomah,14.789975166320801,31.148818969726562,29.387079238891602,"6051","128",C,#ffff00,C24,Woodstock,"3","1",0.000073769950790,"[ [ 45.462810, -122.622490 ], [ 45.478830, -122.608510 ] ]","45.475,-122.619","1","0","0"
"3","51849686",45.516288333299997,-122.596641666699995,Portland,Multnomah,16.203371047973633,29.823871612548828,27.481084823608398,"6089","128",C,#ffff00,C25,Mt. Tabor District,"3","1",0.000188494941975,"[ [ 45.516150, -122.614960 ], [ 45.526140, -122.581120 ] ]","45.522,-122.603","1","0","0"
"391","189285312",45.525040880200002,-122.602434372999994,Portland,Multnomah,15.822084426879883,31.360355377197266,29.436641693115234,"6089","128",C,#ffff00,C25,Mt. Tabor District,"3","1",0.000188494941975,"[ [ 45.516150, -122.614960 ], [ 45.526140, -122.581120 ] ]","45.522,-122.603","1","0","0"
"430","191215334",45.496122460000002,-122.604503219999998,Portland,Multnomah,15.037398338317873,31.692886352539062,28.870777130126953,"6057","128",C,#ffff00,C28,Mt. Scott District,"3","1",0.000201406864474,"[ [ 45.483410, -122.609750 ], [ 45.497310, -122.578750 ] ]","45.493,-122.592","1","0","0"
"434","191291194",45.495716070000000,-122.597355519999994,Portland,Multnomah,15.160401344299316,31.597579956054688,29.396102905273438,"6057","128",C,#ffff00,C28,Mt. Scott District,"3","1",0.000201406864474,"[ [ 45.483410, -122.609750 ], [ 45.497310, -122.578750 ] ]","45.493,-122.592","1","0","0"
"384","189157578",45.481025000000002,-122.595070000000007,Portland,Multnomah,14.620850563049316,31.511020660400391,29.464223861694336,"6054","128",C,#ffff00,C29,Mt. Scott,"3","1",0.000282517854675,"[ [ 45.475940, -122.611110 ], [ 45.496790, -122.579030 ] ]","45.481,-122.595","1","0","0"
"212","100163782",45.582509958199999,-122.733980314899995,Portland,Multnomah,14.513180732727051,31.475982666015625,29.140216827392582,"6114","128",C,#ffff00,C3,Portsmouth,"3","1",0.000326948017217,"[ [ 45.571910, -122.741280 ], [ 45.591270, -122.688780 ] ]","45.58,-122.729","1","0","0"
"148","94283153",45.516616666700003,-122.583349999999996,Portland,Multnomah,15.088253021240234,31.681766510009766,29.130458831787109,"6088","128",C,#ffff00,C30,Montavilla,"3","1",0.000184098314379,"[ [ 45.508880, -122.593850 ], [ 45.523050, -122.568750 ] ]","45.515,-122.582","1","0","0"
"150","94294048",45.516408333299999,-122.585388333300003,Portland,Multnomah,15.180781364440918,31.039348602294918,29.474418640136719,"6088","128",C,#ffff00,C30,Montavilla,"3","1",0.000184098314379,"[ [ 45.508880, -122.593850 ], [ 45.523050, -122.568750 ] ]","45.515,-122.582","1","0","0"
"435","191292702",45.499337189999999,-122.578198650000004,Portland,Multnomah,15.889079093933105,32.090511322021484,29.208852767944336,"6087","128",C,#ffff00,C31,Kelly Butte,"3","1",0.000120648955741,"[ [ 45.494500, -122.579020 ], [ 45.504680, -122.564850 ] ]","45.5,-122.574","1","0","0"
"436","191294337",45.503010320000001,-122.572912790000004,Portland,Multnomah,15.098159790039062,31.658416748046875,29.145132064819336,"6087","128",C,#ffff00,C31,Kelly Butte,"3","1",0.000120648955741,"[ [ 45.494500, -122.579020 ], [ 45.504680, -122.564850 ] ]","45.5,-122.574","1","0","0"
"1","19006459",45.487538792999999,-122.571828080900005,Portland,Multnomah,14.322764396667480,31.660850524902344,28.997863769531246,"6056","128",C,#ffff00,C32,Lents,"3","1",0.000465299538534,"[ [ 45.468290, -122.579190 ], [ 45.492290, -122.558040 ] ]","45.487,-122.563","1","0","0"
"5","67931089",45.487029387800000,-122.572003304999996,Portland,Multnomah,14.363605499267578,31.616495132446289,28.960420608520508,"6056","128",C,#ffff00,C32,Lents,"3","1",0.000465299538534,"[ [ 45.468290, -122.579190 ], [ 45.492290, -122.558040 ] ]","45.487,-122.563","1","0","0"
"146","93320242",45.487295000000003,-122.572228333300004,Portland,Multnomah,14.351023674011230,31.639627456665039,28.968999862670898,"6056","128",C,#ffff00,C32,Lents,"3","1",0.000465299538534,"[ [ 45.468290, -122.579190 ], [ 45.492290, -122.558040 ] ]","45.487,-122.563","1","0","0"
"417","190505451",45.512315039599997,-122.688273964600000,Portland,Multnomah,16.734825134277344,31.605014801025391,27.662191390991211,"6066","128",C,#ffff00,C34,Park Ave.,"3","1",0.000108550911613,"[ [ 45.505030, -122.698280 ], [ 45.523530, -122.681170 ] ]","45.511,-122.687","1","0","0"
"461","192658161",45.518076826399998,-122.695495575400003,Portland,Multnomah,16.631980895996094,30.324649810791016,28.133033752441406,"6066","128",C,#ffff00,C34,Park Ave.,"3","1",0.000108550911613,"[ [ 45.505030, -122.698280 ], [ 45.523530, -122.681170 ] ]","45.511,-122.687","1","0","0"
"291","138468319",45.500130555600002,-122.689497222200004,Portland,Multnomah,16.453992843627930,28.817937850952148,28.476341247558594,"6061","128",C,#ffff00,C35,Sam Jackson Park,"3","1",0.000058306396429,"[ [ 45.494200, -122.697310 ], [ 45.503620, -122.689110 ] ]","45.498,-122.693","1","0","0"
"292","138468446",45.499880555600001,-122.689441666700006,Portland,Multnomah,16.456872940063477,28.897012710571289,28.476114273071289,"6061","128",C,#ffff00,C35,Sam Jackson Park,"3","1",0.000058306396429,"[ [ 45.494200, -122.697310 ], [ 45.503620, -122.689110 ] ]","45.498,-122.693","1","0","0"
"293","138468659",45.502047222199998,-122.693538888899994,Portland,Multnomah,16.717658996582031,27.594369888305664,27.449268341064453,"6061","128",C,#ffff00,C35,Sam Jackson Park,"3","1",0.000058306396429,"[ [ 45.494200, -122.697310 ], [ 45.503620, -122.689110 ] ]","45.498,-122.693","1","0","0"
"448","191623388",45.499932663599999,-122.689378615600006,Portland,Multnomah,16.461502075195312,28.877033233642582,28.474372863769531,"6061","128",C,#ffff00,C35,Sam Jackson Park,"3","1",0.000058306396429,"[ [ 45.494200, -122.697310 ], [ 45.503620, -122.689110 ] ]","45.498,-122.693","1","0","0"
"455","192587063",45.497588248400000,-122.693128342500003,Portland,Multnomah,16.795719146728516,28.535568237304688,27.742519378662109,"6061","128",C,#ffff00,C35,Sam Jackson Park,"3","1",0.000058306396429,"[ [ 45.494200, -122.697310 ], [ 45.503620, -122.689110 ] ]","45.498,-122.693","1","0","0"
"456","192587853",45.497659889900000,-122.690960057100000,Portland,Multnomah,16.667835235595703,28.818443298339844,28.217187881469727,"6061","128",C,#ffff00,C35,Sam Jackson Park,"3","1",0.000058306396429,"[ [ 45.494200, -122.697310 ], [ 45.503620, -122.689110 ] ]","45.498,-122.693","1","0","0"
"203","98027597",45.563261755799999,-122.640358479800000,Portland,Multnomah,15.165566444396973,31.183246612548828,29.018133163452148,"6133","128",C,#ffff00,C8,Alberta District,"3","1",0.000088633367520,"[ [ 45.562800, -122.660860 ], [ 45.568440, -122.634830 ] ]","45.566,-122.658","1","0","0"
"429","191214590",45.563288333300001,-122.640428333299994,Portland,Multnomah,15.171848297119141,31.181812286376953,29.041772842407227,"6133","128",C,#ffff00,C8,Alberta District,"3","1",0.000088633367520,"[ [ 45.562800, -122.660860 ], [ 45.568440, -122.634830 ] ]","45.566,-122.658","1","0","0"
"440","191307148",45.558270000000000,-122.627128333300007,Portland,Multnomah,15.166715621948242,31.725185394287109,29.116405487060547,"6129","128",C,#ffff00,C9,,"3","1",0.000155723757822,"[ [ 45.548100, -122.660910 ], [ 45.568340, -122.625540 ] ]","45.56,-122.63","1","0","0"
"441","191308204",45.558300000000003,-122.626945000000006,Portland,Multnomah,15.164211273193359,31.758825302124023,29.130340576171875,"6129","128",C,#ffff00,C9,,"3","1",0.000155723757822,"[ [ 45.548100, -122.660910 ], [ 45.568340, -122.625540 ] ]","45.56,-122.63","1","0","0"
"202","98026234",45.562598328100002,-122.637146869800006,Portland,Multnomah,15.245740890502930,31.220611572265625,28.725091934204102,"6130","128",D,#d9838d,D3,Alberta District,"4","1",0.000207945408474,"[ [ 45.549440, -122.660910 ], [ 45.562800, -122.633850 ] ]","45.555,-122.657","1","0","0"
"447","191621640",45.549594999999997,-122.655746666699997,Portland,Multnomah,15.863088607788086,31.509933471679688,29.246431350708008,"6130","128",D,#d9838d,D3,Alberta District,"4","1",0.000207945408474,"[ [ 45.549440, -122.660910 ], [ 45.562800, -122.633850 ] ]","45.555,-122.657","1","0","0"
"373","188429206",45.524933333299998,-122.635594999999995,Portland,Multnomah,16.296634674072266,31.034135818481445,29.729547500610352,"6082","128",D,#d9838d,D4,Central East Side and Sunnyside,"4","1",0.000285698573008,"[ [ 45.512570, -122.660020 ], [ 45.530980, -122.634900 ] ]","45.523,-122.639","1","0","0"
"374","188430346",45.525361666700000,-122.635853333300005,Portland,Multnomah,16.342760086059570,31.012245178222656,30.140651702880859,"6082","128",D,#d9838d,D4,Central East Side and Sunnyside,"4","1",0.000285698573008,"[ [ 45.512570, -122.660020 ], [ 45.530980, -122.634900 ] ]","45.523,-122.639","1","0","0"
"375","188431243",45.524828823199996,-122.636042730000000,Portland,Multnomah,16.334188461303711,31.208034515380859,29.885189056396484,"6082","128",D,#d9838d,D4,Central East Side and Sunnyside,"4","1",0.000285698573008,"[ [ 45.512570, -122.660020 ], [ 45.530980, -122.634900 ] ]","45.523,-122.639","1","0","0"
"18","72905217",45.507138828999999,-122.627643251199999,Portland,Multnomah,15.777455329895020,31.133266448974609,29.530437469482418,"6080","128",D,#d9838d,D5,Richmond,"4","1",0.000212777650065,"[ [ 45.496770, -122.651780 ], [ 45.511670, -122.622650 ] ]","45.503,-122.626","1","0","0"
"143","92123906",45.501930000000002,-122.622741666699994,Portland,Multnomah,15.710137367248535,30.970380783081055,29.501697540283203,"6080","128",D,#d9838d,D5,Richmond,"4","1",0.000212777650065,"[ [ 45.496770, -122.651780 ], [ 45.511670, -122.622650 ] ]","45.503,-122.626","1","0","0"
"144","92132264",45.502496386899999,-122.635161548799999,Portland,Multnomah,15.807769775390623,31.162132263183594,29.165916442871094,"6080","128",D,#d9838d,D5,Richmond,"4","1",0.000212777650065,"[ [ 45.496770, -122.651780 ], [ 45.511670, -122.622650 ] ]","45.503,-122.626","1","0","0"
"191","97217789",45.504219999999997,-122.641533333300004,Portland,Multnomah,15.905007362365723,31.056486129760746,29.494548797607418,"6080","128",D,#d9838d,D5,Richmond,"4","1",0.000212777650065,"[ [ 45.496770, -122.651780 ], [ 45.511670, -122.622650 ] ]","45.503,-122.626","1","0","0"
"248","126170044",45.533011111100002,-122.698805555600003,Portland,Multnomah,16.966585159301758,31.321496963500977,28.163043975830082,"6078","128",D,#d9838d,D6,Northwest Side,"4","1",0.000115742023162,"[ [ 45.523000, -122.707990 ], [ 45.541020, -122.690320 ] ]","45.536,-122.697","1","0","0"
"177","95792512",45.517181396500000,-122.691711106300005,Portland,Multnomah,16.864376068115234,31.635078430175781,27.913011550903320,"6068","128",D,#d9838d,D7,Central West Side,"4","1",0.000043323756656,"[ [ 45.512980, -122.692960 ], [ 45.521900, -122.683930 ] ]","45.518,-122.689","1","0","0"
"192","97493630",45.501838333300000,-122.680000000000007,Portland,Multnomah,16.221452713012695,31.533039093017582,27.749879837036133,"6069","128",D,#d9838d,D8,Southwest River District,"4","1",0.000155213256626,"[ [ 45.489500, -122.684350 ], [ 45.517730, -122.673260 ] ]","45.501,-122.678","1","0","0"
"200","97656224",45.500766666700002,-122.679496666700004,Portland,Multnomah,16.156734466552734,31.589397430419918,27.710800170898438,"6069","128",D,#d9838d,D8,Southwest River District,"4","1",0.000155213256626,"[ [ 45.489500, -122.684350 ], [ 45.517730, -122.673260 ] ]","45.501,-122.678","1","0","0"
"201","97739553",45.501919999999998,-122.680686666699998,Portland,Multnomah,16.229747772216797,31.516714096069336,27.895879745483398,"6069","128",D,#d9838d,D8,Southwest River District,"4","1",0.000155213256626,"[ [ 45.489500, -122.684350 ], [ 45.517730, -122.673260 ] ]","45.501,-122.678","1","0","0"
"227","113502090",45.501950732499999,-122.680026758599993,Portland,Multnomah,16.238092422485352,31.543571472167969,27.739919662475582,"6069","128",D,#d9838d,D8,Southwest River District,"4","1",0.000155213256626,"[ [ 45.489500, -122.684350 ], [ 45.517730, -122.673260 ] ]","45.501,-122.678","1","0","0"
"433","191220301",45.510788286199997,-122.677310356299998,Portland,Multnomah,16.955863952636719,30.975469589233398,27.168931961059570,"6069","128",D,#d9838d,D8,Southwest River District,"4","1",0.000155213256626,"[ [ 45.489500, -122.684350 ], [ 45.517730, -122.673260 ] ]","45.501,-122.678","1","0","0"
"223","110628896",45.473744444399998,-122.676394444400003,Portland,Multnomah,16.305242538452148,30.339241027832031,27.519315719604492,"6059","128",D,#d9838d,D9,South Portland,"4","1",0.000063517294979,"[ [ 45.472980, -122.681710 ], [ 45.484110, -122.673390 ] ]","45.481,-122.677","1","0","0"
"38","74735203",45.497146148200002,-122.671727486300000,Portland,Multnomah,16.931261062622070,32.348621368408203,28.148347854614254,"11153","128",,#000000,Commercial,,"205",,0.001404493232882,"[ [ 45.476910, -122.762960 ], [ 45.597040, -122.566360 ] ]","45.517,-122.66","0","1","0"
"132","88864273",45.587300467299997,-122.761043301000001,Portland,Multnomah,16.736680984497070,32.088535308837891,29.417839050292969,"11153","128",,#000000,Commercial,,"205",,0.001404493232882,"[ [ 45.476910, -122.762960 ], [ 45.597040, -122.566360 ] ]","45.517,-122.66","0","1","0"
"233","113975117",45.524508333299998,-122.679052777799996,Portland,Multnomah,16.871980667114258,30.912868499755859,27.463214874267582,"11153","128",,#000000,Commercial,,"205",,0.001404493232882,"[ [ 45.476910, -122.762960 ], [ 45.597040, -122.566360 ] ]","45.517,-122.66","0","1","0"
"242","120462748",45.526627777800002,-122.687761111100002,Portland,Multnomah,16.828290939331055,30.892934799194336,28.069562911987305,"11153","128",,#000000,Commercial,,"205",,0.001404493232882,"[ [ 45.476910, -122.762960 ], [ 45.597040, -122.566360 ] ]","45.517,-122.66","0","1","0"
"392","189286484",45.526444514300003,-122.599024969200002,Portland,Multnomah,15.789934158325195,31.336997985839844,29.461500167846680,"11153","128",,#000000,Commercial,,"205",,0.001404493232882,"[ [ 45.476910, -122.762960 ], [ 45.597040, -122.566360 ] ]","45.517,-122.66","0","1","0"
"395","189595090",45.520223777900000,-122.666496628399997,Portland,Multnomah,17.478996276855469,31.693248748779297,28.183326721191406,"11153","128",,#000000,Commercial,,"205",,0.001404493232882,"[ [ 45.476910, -122.762960 ], [ 45.597040, -122.566360 ] ]","45.517,-122.66","0","1","0"
"405","190351099",45.513753804099998,-122.668288383800004,Portland,Multnomah,17.379268646240234,31.616027832031246,28.108879089355469,"11153","128",,#000000,Commercial,,"205",,0.001404493232882,"[ [ 45.476910, -122.762960 ], [ 45.597040, -122.566360 ] ]","45.517,-122.66","0","1","0"
"406","190352018",45.515047875299999,-122.668002164100002,Portland,Multnomah,17.325624465942383,31.698385238647461,28.106193542480469,"11153","128",,#000000,Commercial,,"205",,0.001404493232882,"[ [ 45.476910, -122.762960 ], [ 45.597040, -122.566360 ] ]","45.517,-122.66","0","1","0"
"439","191301185",45.519760140000002,-122.572947450000001,Portland,Multnomah,15.240585327148438,31.561450958251953,28.799203872680664,"11153","128",,#000000,Commercial,,"205",,0.001404493232882,"[ [ 45.476910, -122.762960 ], [ 45.597040, -122.566360 ] ]","45.517,-122.66","0","1","0"
"442","191426207",45.519351993500003,-122.666711576699996,Portland,Multnomah,17.421836853027344,31.694484710693359,28.369878768920898,"11153","128",,#000000,Commercial,,"205",,0.001404493232882,"[ [ 45.476910, -122.762960 ], [ 45.597040, -122.566360 ] ]","45.517,-122.66","0","1","0"
"458","192591015",45.524057792199997,-122.685785250699993,Portland,Multnomah,16.928194046020508,31.082756042480469,27.651206970214844,"11153","128",,#000000,Commercial,,"205",,0.001404493232882,"[ [ 45.476910, -122.762960 ], [ 45.597040, -122.566360 ] ]","45.517,-122.66","0","1","0"
"459","192591421",45.524271219100001,-122.686074174799998,Portland,Multnomah,16.983789443969727,31.288682937622070,27.667222976684570,"11153","128",,#000000,Commercial,,"205",,0.001404493232882,"[ [ 45.476910, -122.762960 ], [ 45.597040, -122.566360 ] ]","45.517,-122.66","0","1","0"
"6","68982848",45.478246666700002,-122.672203333300004,Portland,Multnomah,16.878820419311523,32.537014007568359,29.709827423095703,"11154","128",,#000000,Industrial,,"16",,0.000577622429065,"[ [ 45.472550, -122.714010 ], [ 45.590890, -122.578520 ] ]","45.54,-122.703","0","0","1"
"138","90817505",45.474426666699998,-122.670581666700002,Portland,Multnomah,16.541868209838867,32.013736724853516,29.359355926513672,"11154","128",,#000000,Industrial,,"16",,0.000577622429065,"[ [ 45.472550, -122.714010 ], [ 45.590890, -122.578520 ] ]","45.54,-122.703","0","0","1"
"312","183007814",45.476474985499998,-122.670916384199998,Portland,Multnomah,16.731969833374023,32.085556030273438,29.533090591430664,"11154","128",,#000000,Industrial,,"16",,0.000577622429065,"[ [ 45.472550, -122.714010 ], [ 45.590890, -122.578520 ] ]","45.54,-122.703","0","0","1"
"394","189288805",45.529117064700003,-122.610913950200000,Portland,Multnomah,16.290376663208008,31.330932617187500,28.667221069335938,"11154","128",,#000000,Industrial,,"16",,0.000577622429065,"[ [ 45.472550, -122.714010 ], [ 45.590890, -122.578520 ] ]","45.54,-122.703","0","0","1"
"2","50208705",45.472320000000003,-122.653724999999994,Portland,Multnomah,15.745126724243164,31.489141464233398,29.550331115722656,,,,,,,,,,,,,,
"4","52996969",45.527636666699998,-122.731369999999998,Portland,Multnomah,15.099775314331055,27.229251861572266,27.357103347778320,,,,,,,,,,,,,,
"9","70985842",45.473372222199998,-122.551794444400002,Portland,Multnomah,16.253763198852539,31.482154846191406,29.171138763427734,,,,,,,,,,,,,,
"10","71720072",45.457253000000001,-122.674974000000006,Portland,Multnomah,15.029502868652344,27.080039978027344,27.381847381591797,,,,,,,,,,,,,,
"11","72022600",45.447609000000000,-122.689683000000002,Portland,Multnomah,14.789718627929688,28.099174499511719,26.798959732055664,,,,,,,,,,,,,,
"12","72231921",45.460527999999996,-122.738275000000002,Portland,Multnomah,15.002251625061035,30.525678634643555,27.066352844238281,,,,,,,,,,,,,,
"14","72407726",45.458591666700002,-122.720347222200004,Portland,Multnomah,14.620194435119627,30.062784194946289,26.874883651733398,,,,,,,,,,,,,,
"15","72428716",45.457602777799998,-122.722730555599995,Portland,Multnomah,14.917849540710449,29.646949768066406,26.922426223754883,,,,,,,,,,,,,,
"16","72758141",45.521291666700002,-122.624594444400003,Portland,Multnomah,15.747446060180664,31.289915084838867,28.896656036376953,,,,,,,,,,,,,,
"17","72860248",45.595605555600002,-122.786769444399994,Portland,Multnomah,16.745687484741211,27.721427917480469,27.511699676513672,,,,,,,,,,,,,,
"20","73648037",45.530531575700003,-122.723938946700002,Portland,Multnomah,14.801785469055176,27.240446090698246,27.417135238647461,,,,,,,,,,,,,,
"21","73648884",45.530548003000000,-122.723947039999999,Portland,Multnomah,14.803359985351562,27.240446090698246,27.417135238647461,,,,,,,,,,,,,,
"22","73652878",45.536597092500003,-122.719349636000004,Portland,Multnomah,16.533918380737305,28.116853713989254,27.421661376953125,,,,,,,,,,,,,,
"23","73775302",45.502934043800003,-122.505547158100001,Portland,Multnomah,13.898477554321291,31.569269180297852,29.445249557495117,,,,,,,,,,,,,,
"24","73805528",45.500897222200003,-122.501149999999996,Portland,Multnomah,14.404594421386719,31.323490142822266,29.586866378784180,,,,,,,,,,,,,,
"25","74171790",45.476172021600000,-122.684260206399998,Portland,Multnomah,15.701034545898438,29.399276733398438,27.235452651977539,,,,,,,,,,,,,,
"26","74297110",45.517013637399998,-122.713572803100007,Portland,Multnomah,15.858832359313965,27.596349716186523,27.427980422973633,,,,,,,,,,,,,,
"27","74333715",45.569569444400003,-122.606119444399994,Portland,Multnomah,16.615467071533203,31.857078552246094,29.915084838867188,,,,,,,,,,,,,,
"28","74458002",45.579272222199997,-122.573833333300001,Portland,Multnomah,16.844980239868164,32.129413604736328,29.992553710937500,,,,,,,,,,,,,,
"29","74458044",45.579272222199997,-122.573833333300001,Portland,Multnomah,16.844980239868164,32.129413604736328,29.992553710937500,,,,,,,,,,,,,,
"30","74458088",45.579272222199997,-122.573833333300001,Portland,Multnomah,16.844980239868164,32.129413604736328,29.992553710937500,,,,,,,,,,,,,,
"31","74458168",45.579272222199997,-122.573833333300001,Portland,Multnomah,16.844980239868164,32.129413604736328,29.992553710937500,,,,,,,,,,,,,,
"32","74458213",45.579272222199997,-122.573833333300001,Portland,Multnomah,16.844980239868164,32.129413604736328,29.992553710937500,,,,,,,,,,,,,,
"33","74490570",45.579272222199997,-122.573833333300001,Portland,Multnomah,16.844980239868164,32.129413604736328,29.992553710937500,,,,,,,,,,,,,,
"34","74490884",45.579272222199997,-122.573833333300001,Portland,Multnomah,16.844980239868164,32.129413604736328,29.992553710937500,,,,,,,,,,,,,,
"35","74491218",45.579272222199997,-122.573833333300001,Portland,Multnomah,16.844980239868164,32.129413604736328,29.992553710937500,,,,,,,,,,,,,,
"36","74493312",45.579272222199997,-122.573833333300001,Portland,Multnomah,16.844980239868164,32.129413604736328,29.992553710937500,,,,,,,,,,,,,,
"37","74548406",45.472778333299999,-122.502833333300003,Portland,Multnomah,16.369468688964844,29.641950607299805,26.299621582031246,,,,,,,,,,,,,,
"39","74803282",45.577878333299999,-122.778419999999997,Portland,Multnomah,14.675688743591309,27.727062225341797,27.387969970703125,,,,,,,,,,,,,,
"40","74803766",45.575791666699999,-122.770661666699993,Portland,Multnomah,15.432481765747070,27.750715255737305,27.411436080932617,,,,,,,,,,,,,,
"41","74941340",45.479819444400000,-122.515283333300005,Portland,Multnomah,15.081410408020020,28.740596771240234,25.619268417358398,,,,,,,,,,,,,,
"42","75400898",45.545758333300000,-122.566180555599999,Portland,Multnomah,14.810990333557127,29.524166107177734,26.830327987670898,,,,,,,,,,,,,,
"43","75511114",45.649286111099997,-122.762083333299998,Portland,Multnomah,15.020340919494627,31.510114669799805,28.946306228637695,,,,,,,,,,,,,,
"44","75512119",45.648308333300001,-122.763599999999997,Portland,Multnomah,15.267907142639160,31.760257720947266,28.665653228759766,,,,,,,,,,,,,,
"45","75565908",45.471409177300004,-122.721484024000006,Portland,Multnomah,15.342611312866209,29.984556198120117,24.609683990478516,,,,,,,,,,,,,,
"46","75567911",45.471255045299998,-122.722016156500004,Portland,Multnomah,15.312343597412109,29.957590103149418,24.274419784545898,,,,,,,,,,,,,,
"47","75568638",45.471525178599997,-122.722528491199995,Portland,Multnomah,15.342445373535156,29.873981475830082,24.334949493408203,,,,,,,,,,,,,,
"48","75569027",45.471581053300000,-122.720990732999994,Portland,Multnomah,15.176027297973633,30.128768920898438,24.666742324829102,,,,,,,,,,,,,,
"49","75569183",45.471474708300001,-122.722479440699999,Portland,Multnomah,15.321504592895508,29.912891387939453,24.359142303466797,,,,,,,,,,,,,,
"50","75569298",45.471443797600003,-122.722758686000006,Portland,Multnomah,15.333747863769531,29.898403167724609,24.191312789916992,,,,,,,,,,,,,,
"51","75569485",45.471543115599999,-122.721477868099996,Portland,Multnomah,15.412384986877441,30.018712997436523,24.623991012573246,,,,,,,,,,,,,,
"52","75569831",45.471500242200001,-122.721691774299998,Portland,Multnomah,15.441703796386719,29.966392517089844,24.400432586669918,,,,,,,,,,,,,,
"53","75570154",45.471194428399997,-122.722090082400001,Portland,Multnomah,15.307164192199709,29.986869812011719,24.265851974487305,,,,,,,,,,,,,,
"54","75570844",45.471801739199996,-122.721007391900002,Portland,Multnomah,15.489753723144531,30.250751495361328,24.650323867797852,,,,,,,,,,,,,,
"55","75571653",45.470969123099998,-122.721908114300007,Portland,Multnomah,14.887732505798340,29.966199874877930,24.588884353637695,,,,,,,,,,,,,,
"56","75571770",45.471350206099999,-122.722850656299997,Portland,Multnomah,15.278014183044434,29.930009841918945,24.148994445800781,,,,,,,,,,,,,,
"57","75572036",45.471231099299999,-122.721967622799994,Portland,Multnomah,15.312778472900391,29.963949203491211,24.316627502441406,,,,,,,,,,,,,,
"58","75584154",45.471313476600002,-122.721915738800007,Portland,Multnomah,15.332021713256836,29.910364151000977,24.331504821777344,,,,,,,,,,,,,,
"59","75586671",45.471246860000001,-122.721884480000000,Portland,Multnomah,15.305149078369141,29.922542572021484,24.668992996215820,,,,,,,,,,,,,,
"61","75674889",45.517060999999998,-122.704893999999996,Portland,Multnomah,16.376247406005859,27.440856933593754,27.352630615234375,,,,,,,,,,,,,,
"62","75868865",45.520961589999999,-122.702003320000003,Portland,Multnomah,16.655456542968750,28.538171768188477,27.641036987304688,,,,,,,,,,,,,,
"63","75872644",45.521019268800003,-122.701777042900005,Portland,Multnomah,16.735111236572266,28.585393905639648,27.647867202758789,,,,,,,,,,,,,,
"64","75874917",45.521103580000002,-122.701482490000004,Portland,Multnomah,16.730855941772461,28.616453170776367,27.830175399780273,,,,,,,,,,,,,,
"65","75983648",45.572635405699998,-122.611750289900002,Portland,Multnomah,16.544189453125000,31.755918502807617,29.192426681518555,,,,,,,,,,,,,,
"66","76605285",45.455583333299998,-122.673222222199996,Portland,Multnomah,16.434923171997070,26.841930389404297,27.424276351928711,,,,,,,,,,,,,,
"67","76624870",45.455913888900000,-122.670461111099996,Portland,Multnomah,16.486160278320312,27.242486953735352,27.463787078857418,,,,,,,,,,,,,,
"68","76629311",45.456655555600001,-122.670313888899997,Portland,Multnomah,16.320993423461914,27.129114151000977,27.403013229370117,,,,,,,,,,,,,,
"69","76631592",45.456652777800002,-122.671016666699998,Portland,Multnomah,16.338287353515625,27.114021301269531,27.326276779174805,,,,,,,,,,,,,,
"70","76640463",45.456694444400000,-122.672072222200001,Portland,Multnomah,16.399791717529297,27.141876220703125,27.259868621826172,,,,,,,,,,,,,,
"71","76666696",45.455461111100000,-122.674563888899996,Portland,Multnomah,16.361728668212891,26.871648788452148,27.426816940307617,,,,,,,,,,,,,,
"72","76667766",45.455480555599998,-122.674547222200005,Portland,Multnomah,16.359945297241211,26.868125915527344,27.426279067993164,,,,,,,,,,,,,,
"73","76696107",45.455536111100002,-122.675261111099999,Portland,Multnomah,15.809349060058594,27.303396224975582,27.481870651245117,,,,,,,,,,,,,,
"74","76709504",45.522888014099998,-122.702950844699998,Portland,Multnomah,16.360080718994141,28.574680328369141,27.692729949951172,,,,,,,,,,,,,,
"75","76722420",45.523525640000003,-122.703674340000006,Portland,Multnomah,16.382108688354492,28.419658660888672,27.663608551025391,,,,,,,,,,,,,,
"76","76729758",45.523367630000003,-122.703903589999996,Portland,Multnomah,16.353271484375000,28.732553482055664,27.648105621337891,,,,,,,,,,,,,,
"77","76754963",45.523322550000003,-122.701489820000006,Portland,Multnomah,16.641067504882812,28.472003936767582,28.326620101928711,,,,,,,,,,,,,,
"78","77931046",45.594787083000000,-122.714808916899997,Portland,Multnomah,14.978628158569336,31.786865234375000,29.488849639892582,,,,,,,,,,,,,,
"79","79403269",45.488777106400001,-122.495597202300004,Portland,Multnomah,14.858943939208984,30.785936355590820,28.963569641113281,,,,,,,,,,,,,,
"80","79795380",45.514830000000003,-122.718413333300006,Portland,Multnomah,15.421378135681152,27.029968261718754,27.359279632568359,,,,,,,,,,,,,,
"81","79798662",45.514695180799997,-122.718335230600005,Portland,Multnomah,15.447379112243652,26.968814849853516,27.356199264526367,,,,,,,,,,,,,,
"82","79802035",45.514804684700003,-122.718114824200001,Portland,Multnomah,15.417672157287598,27.030130386352539,27.343809127807617,,,,,,,,,,,,,,
"83","79805855",45.514343331399999,-122.715665100899997,Portland,Multnomah,15.229772567749023,27.500429153442383,27.424039840698246,,,,,,,,,,,,,,
"84","79809971",45.513581355200003,-122.719411956200005,Portland,Multnomah,15.742806434631348,26.433021545410156,27.353002548217773,,,,,,,,,,,,,,
"85","79812540",45.513665078700001,-122.719534048300005,Portland,Multnomah,15.760869979858398,26.410284042358398,27.384893417358398,,,,,,,,,,,,,,
"86","80653580",45.518349255499999,-122.715300573199997,Portland,Multnomah,15.827493667602541,27.567216873168945,27.452594757080082,,,,,,,,,,,,,,
"87","80654989",45.517479213900003,-122.715093959200004,Portland,Multnomah,15.859587669372559,27.492774963378906,27.414184570312500,,,,,,,,,,,,,,
"88","80755067",45.514445213199998,-122.718629698599997,Portland,Multnomah,15.538431167602541,26.669319152832031,27.335605621337891,,,,,,,,,,,,,,
"89","81910497",45.510223388699998,-122.716386357000005,Portland,Multnomah,14.895077705383301,27.560153961181641,27.256002426147461,,,,,,,,,,,,,,
"90","82230061",45.472917286700003,-122.504052724800005,Portland,Multnomah,16.375059127807617,29.512931823730469,25.551477432250977,,,,,,,,,,,,,,
"91","82319512",45.514002540000000,-122.719621079999996,Portland,Multnomah,15.734214782714844,26.383792877197266,27.363176345825195,,,,,,,,,,,,,,
"92","82327258",45.512794880000001,-122.715977080000002,Portland,Multnomah,14.996299743652344,26.900932312011719,27.310249328613281,,,,,,,,,,,,,,
"93","82335470",45.513185900000003,-122.714087980000002,Portland,Multnomah,15.057868003845215,27.413431167602539,27.356904983520508,,,,,,,,,,,,,,
"94","82336309",45.513087120000002,-122.714325040000006,Portland,Multnomah,15.114740371704102,27.410081863403320,27.358177185058594,,,,,,,,,,,,,,
"95","82338709",45.512928469099997,-122.710756827300003,Portland,Multnomah,15.529799461364746,27.419658660888672,27.354988098144531,,,,,,,,,,,,,,
"96","82345498",45.511869750999999,-122.714991616199995,Portland,Multnomah,14.943093299865723,27.249273300170898,27.362821578979492,,,,,,,,,,,,,,
"97","82350037",45.512407953000000,-122.715653115999999,Portland,Multnomah,14.967366218566895,27.222599029541016,27.361658096313477,,,,,,,,,,,,,,
"98","82371091",45.511551448200002,-122.718022512399997,Portland,Multnomah,14.963857650756836,27.490062713623047,27.305717468261719,,,,,,,,,,,,,,
"99","82371404",45.511552915000003,-122.718263156800006,Portland,Multnomah,14.969852447509766,27.477453231811523,27.310789108276367,,,,,,,,,,,,,,
"100","82445420",45.517028333299997,-122.713911666700000,Portland,Multnomah,15.889784812927246,27.638792037963867,27.424129486083984,,,,,,,,,,,,,,
"101","82448925",45.517271337499999,-122.713011708500005,Portland,Multnomah,16.053586959838867,27.719165802001953,27.467353820800781,,,,,,,,,,,,,,
"102","82448987",45.520060583099998,-122.707757640400004,Portland,Multnomah,16.479734420776367,28.073146820068359,27.438926696777344,,,,,,,,,,,,,,
"103","82449489",45.516813333300000,-122.713278333299996,Portland,Multnomah,15.767453193664551,27.646997451782227,27.417921066284180,,,,,,,,,,,,,,
"104","82492592",45.516599589899997,-122.713982787000006,Portland,Multnomah,15.457796096801758,27.606887817382812,27.417093276977539,,,,,,,,,,,,,,
"105","82494077",45.516204999999999,-122.714349999999996,Portland,Multnomah,15.301759719848633,27.634027481079102,27.421480178833008,,,,,,,,,,,,,,
"106","82693780",45.516449999999999,-122.714861666700003,Portland,Multnomah,15.289162635803223,27.505582809448246,27.416536331176754,,,,,,,,,,,,,,
"107","82696271",45.516498318099998,-122.714899742800000,Portland,Multnomah,15.288489341735840,27.486309051513672,27.412708282470703,,,,,,,,,,,,,,
"108","82752477",45.517922658499998,-122.713388996299997,Portland,Multnomah,16.095661163330078,27.666631698608398,27.494197845458984,,,,,,,,,,,,,,
"109","83096820",45.525452962199999,-122.715751938500006,Portland,Multnomah,16.378459930419922,28.145668029785156,27.544752120971680,,,,,,,,,,,,,,
"110","83350322",45.508063888899997,-122.715716666700004,Portland,Multnomah,15.060594558715820,27.543214797973633,27.295652389526367,,,,,,,,,,,,,,
"111","83472951",45.511097222200000,-122.715344444400003,Portland,Multnomah,14.910305976867676,27.293348312377930,27.317489624023438,,,,,,,,,,,,,,
"112","83473193",45.518273738300003,-122.717564776499998,Portland,Multnomah,15.630163192749023,27.352470397949219,27.468416213989254,,,,,,,,,,,,,,
"113","83473813",45.508175000000001,-122.713222222200002,Portland,Multnomah,15.071089744567873,27.269266128540039,27.350345611572266,,,,,,,,,,,,,,
"114","83562291",45.511542623899999,-122.711682890700004,Portland,Multnomah,15.194121360778809,27.216373443603516,27.343517303466797,,,,,,,,,,,,,,
"115","83563381",45.511344553900003,-122.712194988400000,Portland,Multnomah,15.075987815856934,27.161573410034180,27.337753295898438,,,,,,,,,,,,,,
"116","83566783",45.511028388400000,-122.719043209999995,Portland,Multnomah,15.061177253723145,27.368661880493164,27.297733306884766,,,,,,,,,,,,,,
"117","83809392",45.517305999999998,-122.718997999999999,Portland,Multnomah,15.325811386108398,27.434123992919918,27.370740890502930,,,,,,,,,,,,,,
"118","83810196",45.517305999999998,-122.718997999999999,Portland,Multnomah,15.325811386108398,27.434123992919918,27.370740890502930,,,,,,,,,,,,,,
"119","84320891",45.511384396899999,-122.719581294899996,Portland,Multnomah,15.081785202026367,26.970399856567383,27.296220779418945,,,,,,,,,,,,,,
"120","84321788",45.511244293300003,-122.719641057900006,Portland,Multnomah,15.094565391540527,27.012229919433594,27.303186416625977,,,,,,,,,,,,,,
"121","85951101",45.516626879999997,-122.714502190000005,Portland,Multnomah,15.277119636535645,27.558277130126953,27.417512893676754,,,,,,,,,,,,,,
"122","85993500",45.516719989999999,-122.718005099999999,Portland,Multnomah,15.469965934753418,27.448167800903320,27.381748199462891,,,,,,,,,,,,,,
"123","86364022",45.510750000000002,-122.491569444400000,Portland,Multnomah,14.080234527587891,31.857540130615234,29.517827987670898,,,,,,,,,,,,,,
"124","86581975",45.515915578900000,-122.718535136499995,Portland,Multnomah,15.213450431823730,27.420288085937500,27.369985580444336,,,,,,,,,,,,,,
"125","86585445",45.515921964800000,-122.719009137699999,Portland,Multnomah,15.494529724121094,27.338329315185547,27.371835708618164,,,,,,,,,,,,,,
"126","86730250",45.513346016000000,-122.719582920700006,Portland,Multnomah,15.760291099548340,26.428163528442383,27.341125488281246,,,,,,,,,,,,,,
"127","86733691",45.513371913699999,-122.719589150299996,Portland,Multnomah,15.758656501770020,26.427040100097656,27.342493057250977,,,,,,,,,,,,,,
"128","86735676",45.513538524300003,-122.719413352100005,Portland,Multnomah,15.754743576049805,26.419319152832031,27.347602844238281,,,,,,,,,,,,,,
"129","86737269",45.513662237699997,-122.719392595700000,Portland,Multnomah,15.753128051757812,26.441072463989254,27.379177093505859,,,,,,,,,,,,,,
"130","88589058",45.516773972199999,-122.717965333300000,Portland,Multnomah,15.406164169311523,27.412803649902344,27.381862640380859,,,,,,,,,,,,,,
"131","88589921",45.516921777800000,-122.717889499999998,Portland,Multnomah,15.244109153747559,27.462265014648438,27.396377563476562,,,,,,,,,,,,,,
"133","89398239",45.516907416099997,-122.717841044099998,Portland,Multnomah,15.260519027709959,27.458986282348633,27.400386810302734,,,,,,,,,,,,,,
"134","89601530",45.484463333299999,-122.612305000000006,Portland,Multnomah,14.519083976745605,31.304000854492188,29.222440719604492,,,,,,,,,,,,,,
"135","89737458",45.519549763000001,-122.718815018300006,Portland,Multnomah,15.800340652465820,27.385810852050781,27.488962173461918,,,,,,,,,,,,,,
"136","89893852",45.517858935900001,-122.717896692200000,Portland,Multnomah,15.580643653869627,27.580345153808594,27.409290313720703,,,,,,,,,,,,,,
"137","90089172",45.517658061900001,-122.717248938300003,Portland,Multnomah,15.243831634521484,27.490983963012695,27.428321838378906,,,,,,,,,,,,,,
"139","91060842",45.517856799100002,-122.717844201500000,Portland,Multnomah,15.580702781677246,27.579486846923828,27.412111282348633,,,,,,,,,,,,,,
"140","91422286",45.513515907200002,-122.719433665400004,Portland,Multnomah,15.767000198364258,26.403377532958984,27.349678039550781,,,,,,,,,,,,,,
"141","91427678",45.513750072999997,-122.719733623699994,Portland,Multnomah,,,,,,,,,,,,,,,,,
"142","91477503",45.517432107600001,-122.717631580399996,Portland,Multnomah,15.272553443908691,27.468154907226562,27.414461135864254,,,,,,,,,,,,,,
"151","94295324",45.509528333299997,-122.597641666700000,Portland,Multnomah,15.053776741027832,30.079713821411133,27.754283905029297,,,,,,,,,,,,,,
"152","94496093",45.508642005799999,-122.714766562099996,Portland,Multnomah,15.034877777099609,27.620105743408203,27.331789016723633,,,,,,,,,,,,,,
"153","95317914",45.515680000000003,-122.715625000000003,Portland,Multnomah,15.266251564025877,27.550186157226562,27.373945236206055,,,,,,,,,,,,,,
"154","95319296",45.517305999999998,-122.718997999999999,Portland,Multnomah,15.325811386108398,27.434123992919918,27.370740890502930,,,,,,,,,,,,,,
"155","95320160",45.517305999999998,-122.718997999999999,Portland,Multnomah,15.325811386108398,27.434123992919918,27.370740890502930,,,,,,,,,,,,,,
"156","95556782",45.514249126999999,-122.715669207600001,Portland,Multnomah,15.196187973022459,27.478916168212891,27.421672821044918,,,,,,,,,,,,,,
"157","95560049",45.513645038999996,-122.719298000300000,Portland,Multnomah,15.745503425598145,26.459445953369141,27.352130889892582,,,,,,,,,,,,,,
"158","95560676",45.513523357200000,-122.719418764200000,Portland,Multnomah,15.754974365234377,26.413038253784180,27.348827362060547,,,,,,,,,,,,,,
"159","95561389",45.513441194300000,-122.719444110200001,Portland,Multnomah,15.770195007324219,26.389911651611328,27.345396041870117,,,,,,,,,,,,,,
"160","95562252",45.513440400699999,-122.719479596699998,Portland,Multnomah,15.784837722778320,26.368368148803711,27.345262527465820,,,,,,,,,,,,,,
"161","95562725",45.513373974799997,-122.719567345399994,Portland,Multnomah,15.754546165466309,26.392995834350582,27.337404251098633,,,,,,,,,,,,,,
"162","95563529",45.513312259400003,-122.719384498699995,Portland,Multnomah,15.723866462707520,26.409780502319336,27.338098526000977,,,,,,,,,,,,,,
"163","95564552",45.513289262299999,-122.719600315700006,Portland,Multnomah,15.775509834289551,26.459806442260746,27.346153259277344,,,,,,,,,,,,,,
"164","95565443",45.513763440100000,-122.719480496499997,Portland,Multnomah,15.739768028259277,26.412044525146484,27.368673324584961,,,,,,,,,,,,,,
"165","95565881",45.513738138100003,-122.719604695599998,Portland,Multnomah,15.741491317749023,26.412097930908203,27.392087936401367,,,,,,,,,,,,,,
"166","95566100",45.513805940200001,-122.719511943499995,Portland,Multnomah,15.743316650390623,26.405670166015625,27.355657577514648,,,,,,,,,,,,,,
"167","95569172",45.514506119300002,-122.718595234399999,Portland,Multnomah,15.522247314453123,26.728616714477539,27.346738815307617,,,,,,,,,,,,,,
"168","95569344",45.514756283700002,-122.718602326699994,Portland,Multnomah,15.474205017089844,27.003099441528320,27.355722427368164,,,,,,,,,,,,,,
"169","95656044",45.514795200400002,-122.718376815300005,Portland,Multnomah,15.423458099365234,27.004730224609375,27.365211486816406,,,,,,,,,,,,,,
"170","95780842",45.511557273599998,-122.717915726900003,Portland,Multnomah,14.958097457885742,27.463462829589844,27.298337936401367,,,,,,,,,,,,,,
"171","95781588",45.511627052999998,-122.718156622799995,Portland,Multnomah,14.922820091247559,27.504774093627930,27.298652648925781,,,,,,,,,,,,,,
"172","95783362",45.514055839999997,-122.719688169999998,Portland,Multnomah,15.750462532043459,26.378261566162109,27.360830307006836,,,,,,,,,,,,,,
"173","95786773",45.512805600000000,-122.716203359999994,Portland,Multnomah,15.001931190490723,26.948905944824219,27.320730209350582,,,,,,,,,,,,,,
"174","95788843",45.510168299999997,-122.716496800000002,Portland,Multnomah,14.870113372802734,27.550222396850582,27.241865158081055,,,,,,,,,,,,,,
"175","95789426",45.512980689999999,-122.714117950000002,Portland,Multnomah,15.112226486206055,27.365030288696289,27.363395690917969,,,,,,,,,,,,,,
"176","95791236",45.512409503599997,-122.715399479599995,Portland,Multnomah,14.964782714843750,27.240247726440430,27.341812133789062,,,,,,,,,,,,,,
"179","95879069",45.538601232700003,-122.599380025800002,Portland,Multnomah,15.270307540893555,31.475645065307617,29.039102554321289,,,,,,,,,,,,,,
"183","96130763",45.580946489500000,-122.573016174100005,Portland,Multnomah,16.831163406372070,31.913574218750000,30.024333953857418,,,,,,,,,,,,,,
"185","96253893",45.572490112099999,-122.728009968999999,Portland,Multnomah,16.281646728515625,31.988338470458984,28.872346878051754,,,,,,,,,,,,,,
"187","96948017",45.468525000000000,-122.634720000000002,Portland,Multnomah,15.820286750793459,31.291563034057617,28.360902786254883,,,,,,,,,,,,,,
"193","97563005",45.513927320800001,-122.718245448000005,Portland,Multnomah,15.590624809265137,26.644258499145508,27.337699890136719,,,,,,,,,,,,,,
"194","97563486",45.516085692200001,-122.718795800799995,Portland,Multnomah,15.398797035217285,27.413969039916992,27.374485015869141,,,,,,,,,,,,,,
"195","97563867",45.515468023499999,-122.719066660099998,Portland,Multnomah,15.543053627014160,27.273002624511719,27.356155395507812,,,,,,,,,,,,,,
"196","97565380",45.511208751600002,-122.718894115699996,Portland,Multnomah,14.983496665954590,27.276144027709961,27.314754486083984,,,,,,,,,,,,,,
"197","97566463",45.510858902000003,-122.715310824800000,Portland,Multnomah,14.902164459228516,27.306859970092773,27.296884536743164,,,,,,,,,,,,,,
"198","97566874",45.511580156400001,-122.712228305099998,Portland,Multnomah,15.045303344726562,27.318456649780273,27.332502365112305,,,,,,,,,,,,,,
"199","97567109",45.511650702700003,-122.711583925400006,Portland,Multnomah,15.182733535766602,27.258516311645508,27.341806411743164,,,,,,,,,,,,,,
"204","98080339",45.507891666699997,-122.595780000000005,Portland,Multnomah,15.080407142639160,30.828741073608398,27.377931594848633,,,,,,,,,,,,,,
"205","98406457",45.516552167500002,-122.714041180300001,Portland,Multnomah,15.402657508850098,27.639392852783203,27.412677764892582,,,,,,,,,,,,,,
"206","98407614",45.516266666699998,-122.714528333299995,Portland,Multnomah,15.320101737976074,27.526496887207031,27.412988662719727,,,,,,,,,,,,,,
"207","98408897",45.516527142699999,-122.714751916699996,Portland,Multnomah,15.287768363952637,27.467241287231445,27.419366836547852,,,,,,,,,,,,,,
"208","98409411",45.516447944299998,-122.714846215500003,Portland,Multnomah,15.290795326232910,27.500070571899418,27.417415618896484,,,,,,,,,,,,,,
"209","99255815",45.496521666699998,-122.616996666700004,Portland,Multnomah,15.321830749511719,31.149377822875977,29.389776229858398,,,,,,,,,,,,,,
"210","99256025",45.496466666700002,-122.617294999999999,Portland,Multnomah,15.372707366943359,31.223571777343754,29.406318664550781,,,,,,,,,,,,,,
"213","100526645",45.517447488400002,-122.717653792500002,Portland,Multnomah,15.281320571899414,27.479682922363281,27.408205032348633,,,,,,,,,,,,,,
"214","101031093",45.516629209999998,-122.714503710000002,Portland,Multnomah,15.277119636535645,27.558277130126953,27.417512893676754,,,,,,,,,,,,,,
"215","101035329",45.516966969999999,-122.718072620000001,Portland,Multnomah,15.361223220825195,27.459371566772461,27.389722824096680,,,,,,,,,,,,,,
"216","101035805",45.516828300000000,-122.717878870000007,Portland,Multnomah,15.264711380004883,27.459672927856445,27.387001037597656,,,,,,,,,,,,,,
"217","101035868",45.516818160000000,-122.717787599999994,Portland,Multnomah,15.259193420410156,27.466978073120117,27.391019821166992,,,,,,,,,,,,,,
"218","101035936",45.517191740000001,-122.717791219999995,Portland,Multnomah,15.254582405090332,27.547168731689453,27.402883529663082,,,,,,,,,,,,,,
"220","106501316",45.595222204000002,-122.790182987300000,Portland,Multnomah,16.724929809570312,27.378583908081055,27.467472076416016,,,,,,,,,,,,,,
"221","110247911",45.519622222199999,-122.704869444400003,Portland,Multnomah,16.545162200927734,28.029972076416016,27.354070663452148,,,,,,,,,,,,,,
"222","110248228",45.521400000000000,-122.701750000000004,Portland,Multnomah,16.674993515014648,28.518556594848633,27.753614425659180,,,,,,,,,,,,,,
"224","110629060",45.489052777799998,-122.676183333300003,Portland,Multnomah,16.503944396972656,30.423908233642582,28.391777038574219,,,,,,,,,,,,,,
"225","110729719",45.590641666700002,-122.788353333299995,Portland,Multnomah,15.857170104980469,27.712625503540039,27.537494659423828,,,,,,,,,,,,,,
"226","110731927",45.591270000000002,-122.786828333299994,Portland,Multnomah,16.602836608886719,27.338886260986328,27.445602416992188,,,,,,,,,,,,,,
"228","113553976",45.486886111099999,-122.733350000000002,Portland,Multnomah,14.927906036376953,30.743314743041992,27.378639221191406,,,,,,,,,,,,,,
"229","113554534",45.465905555600003,-122.723249999999993,Portland,Multnomah,15.084114074707031,30.727268218994141,27.003574371337891,,,,,,,,,,,,,,
"231","113968293",45.466136111099999,-122.751747222199995,Portland,Washington,14.992433547973633,30.367797851562500,27.276397705078125,,,,,,,,,,,,,,
"234","118964842",45.516633650000003,-122.714349049999996,Portland,Multnomah,15.374412536621094,27.595718383789062,27.416400909423828,,,,,,,,,,,,,,
"235","118984524",45.516999949999999,-122.717719729999999,Portland,Multnomah,15.255050659179688,27.588645935058594,27.403026580810547,,,,,,,,,,,,,,
"236","118984857",45.516932740000001,-122.718098859999998,Portland,Multnomah,15.414962768554688,27.492460250854492,27.379297256469727,,,,,,,,,,,,,,
"237","118984935",45.516875120000002,-122.717867709999993,Portland,Multnomah,15.248716354370117,27.457553863525391,27.388322830200195,,,,,,,,,,,,,,
"238","118985019",45.517074340000001,-122.718029040000005,Portland,Multnomah,15.255149841308594,27.479537963867188,27.390588760375977,,,,,,,,,,,,,,
"239","119009416",45.493822222200002,-122.622683333300003,Portland,Multnomah,15.668427467346191,31.064529418945312,29.059103012084961,,,,,,,,,,,,,,
"240","119012894",45.527558333300000,-122.731097222200006,Portland,Multnomah,15.097433090209959,27.236423492431641,27.356618881225582,,,,,,,,,,,,,,
"241","119013147",45.527180555599998,-122.729852777800005,Portland,Multnomah,15.144088745117188,27.300676345825195,27.332963943481445,,,,,,,,,,,,,,
"243","120618616",45.479788888900003,-122.635372222200004,Portland,Multnomah,16.523637771606445,31.581609725952148,29.384473800659180,,,,,,,,,,,,,,
"244","120618786",45.477747222200001,-122.636091666699997,Portland,Multnomah,16.565513610839844,31.640504837036133,29.194112777709961,,,,,,,,,,,,,,
"245","120618930",45.477602777800001,-122.636174999999994,Portland,Multnomah,16.580099105834961,31.639154434204102,29.148859024047852,,,,,,,,,,,,,,
"246","120619075",45.477338888900000,-122.636605555599999,Portland,Multnomah,16.609985351562500,31.637086868286133,29.136863708496094,,,,,,,,,,,,,,
"247","120619497",45.477482401000003,-122.637602090800002,Portland,Multnomah,16.554134368896484,31.767467498779297,29.388029098510746,,,,,,,,,,,,,,
"250","127130908",45.517420414900002,-122.714776536599999,Portland,Multnomah,15.874137878417969,27.459011077880859,27.411191940307617,,,,,,,,,,,,,,
"251","129911132",45.511305999999998,-122.718024000000000,Portland,Multnomah,14.981306076049805,27.532688140869141,27.289606094360352,,,,,,,,,,,,,,
"252","132244546",45.466880555600000,-122.664097222199999,Portland,Multnomah,16.615566253662109,32.189502716064453,28.896633148193359,,,,,,,,,,,,,,
"253","132244618",45.466277777800002,-122.669758333299995,Portland,Multnomah,16.628257751464844,29.445663452148438,27.437562942504883,,,,,,,,,,,,,,
"254","135009388",45.513836625600000,-122.719601769299999,Portland,Multnomah,15.744049072265623,26.415103912353516,27.382810592651367,,,,,,,,,,,,,,
"255","135011257",45.513908802400003,-122.719391799799993,Portland,Multnomah,15.738662719726562,26.445312500000000,27.353372573852539,,,,,,,,,,,,,,
"256","135057477",45.513758939200002,-122.719372072599995,Portland,Multnomah,15.738523483276367,26.429433822631836,27.349880218505859,,,,,,,,,,,,,,
"257","135057522",45.513789664999997,-122.719387106499994,Portland,Multnomah,15.739978790283203,26.431194305419918,27.354188919067383,,,,,,,,,,,,,,
"258","135057607",45.513675757100003,-122.719344629700004,Portland,Multnomah,15.738252639770508,26.441802978515625,27.356344223022461,,,,,,,,,,,,,,
"259","135555179",45.517535624099999,-122.714682072499997,Portland,Multnomah,15.848654747009277,27.543872833251953,27.434314727783203,,,,,,,,,,,,,,
"261","135562034",45.517890923300001,-122.712783173099993,Portland,Multnomah,16.380792617797852,27.758235931396484,27.527793884277344,,,,,,,,,,,,,,
"262","135580853",45.519684266500001,-122.718926795800002,Portland,Multnomah,15.793014526367188,27.412300109863281,27.488775253295898,,,,,,,,,,,,,,
"263","135684414",45.513543651399999,-122.719413617699999,Portland,Multnomah,15.754743576049805,26.419319152832031,27.347602844238281,,,,,,,,,,,,,,
"264","135686956",45.513450065500002,-122.719478041299993,Portland,Multnomah,15.784844398498535,26.374069213867188,27.343551635742188,,,,,,,,,,,,,,
"265","135690084",45.513341781100003,-122.719392720000002,Portland,Multnomah,15.743716239929199,26.408763885498047,27.339834213256836,,,,,,,,,,,,,,
"266","135690159",45.513261061400001,-122.719271343800003,Portland,Multnomah,15.670841217041016,26.429637908935547,27.348802566528320,,,,,,,,,,,,,,
"267","135690775",45.513263783500001,-122.719568329500007,Portland,Multnomah,15.774711608886719,26.454200744628906,27.344537734985352,,,,,,,,,,,,,,
"268","135756372",45.517407380999998,-122.717376351499993,Portland,Multnomah,15.258512496948242,27.443300247192383,27.421615600585938,,,,,,,,,,,,,,
"269","135944995",45.511561404600002,-122.718041648200000,Portland,Multnomah,14.967384338378906,27.496726989746094,27.306217193603516,,,,,,,,,,,,,,
"270","135946552",45.511592824200001,-122.718238614399993,Portland,Multnomah,14.969400405883791,27.479188919067383,27.300447463989254,,,,,,,,,,,,,,
"271","135949960",45.512834524299997,-122.716001176600003,Portland,Multnomah,14.993833541870117,26.887426376342773,27.308843612670898,,,,,,,,,,,,,,
"272","135953271",45.514347630400003,-122.715659819899997,Portland,Multnomah,15.229447364807127,27.509643554687500,27.424362182617188,,,,,,,,,,,,,,
"273","135954714",45.513044536700001,-122.714275703699997,Portland,Multnomah,15.113185882568359,27.399316787719727,27.361858367919918,,,,,,,,,,,,,,
"274","135955994",45.513206585900001,-122.714132888300000,Portland,Multnomah,15.053899765014648,27.406387329101562,27.358512878417969,,,,,,,,,,,,,,
"275","136715883",45.516633987399999,-122.714515837700006,Portland,Multnomah,15.278800010681152,27.542818069458008,27.417673110961918,,,,,,,,,,,,,,
"276","136849075",45.518267000000002,-122.716565000000003,Portland,Multnomah,15.700947761535645,27.575538635253906,27.465465545654297,,,,,,,,,,,,,,
"277","137075723",45.516492034599999,-122.713961424700003,Portland,Multnomah,15.399089813232422,27.655063629150391,27.412757873535156,,,,,,,,,,,,,,
"278","137077021",45.516175003000001,-122.714370000000002,Portland,Multnomah,15.306161880493164,27.631687164306641,27.414518356323246,,,,,,,,,,,,,,
"279","137080559",45.516596954100002,-122.714904373099998,Portland,Multnomah,15.289612770080566,27.491664886474609,27.422296524047852,,,,,,,,,,,,,,
"280","137081844",45.516577683999998,-122.714773317899997,Portland,Multnomah,15.279014587402344,27.490484237670898,27.419939041137695,,,,,,,,,,,,,,
"281","137082266",45.516781352300001,-122.714431891199993,Portland,Multnomah,15.386035919189453,27.607168197631836,27.405220031738281,,,,,,,,,,,,,,
"282","137464325",45.512529507300002,-122.715548799499999,Portland,Multnomah,14.985221862792969,27.222442626953125,27.322221755981445,,,,,,,,,,,,,,
"283","137465599",45.511736834300002,-122.714819645500000,Portland,Multnomah,14.958328247070312,27.282016754150391,27.361961364746094,,,,,,,,,,,,,,
"284","137466997",45.511762335999997,-122.712343361300000,Portland,Multnomah,15.037026405334473,27.369745254516602,27.347106933593754,,,,,,,,,,,,,,
"285","137467552",45.511603852199997,-122.711607945599994,Portland,Multnomah,15.178814888000488,27.262420654296875,27.347244262695312,,,,,,,,,,,,,,
"286","137469921",45.515968078599997,-122.718431962400004,Portland,Multnomah,15.149030685424805,27.436361312866211,27.373025894165039,,,,,,,,,,,,,,
"287","137470870",45.515512149999999,-122.718956978899996,Portland,Multnomah,15.539035797119141,27.280775070190430,27.343420028686523,,,,,,,,,,,,,,
"288","137472321",45.516067639600003,-122.718847291599999,Portland,Multnomah,15.482777595520020,27.402006149291992,27.380027770996094,,,,,,,,,,,,,,
"289","137474571",45.516044519499999,-122.718897370299999,Portland,Multnomah,15.477949142456055,27.412601470947266,27.381000518798828,,,,,,,,,,,,,,
"290","137718193",45.525244444400002,-122.717469444399995,Portland,Multnomah,16.366643905639648,27.746608734130859,27.551168441772461,,,,,,,,,,,,,,
"294","139043739",45.517523333299998,-122.717540000000000,Portland,Multnomah,15.279259681701660,27.474914550781246,27.419729232788082,,,,,,,,,,,,,,
"295","139043930",45.516840000000002,-122.717661666699996,Portland,Multnomah,15.258516311645508,27.547454833984375,27.395229339599609,,,,,,,,,,,,,,
"296","139044587",45.516551666700003,-122.718161666699999,Portland,Multnomah,15.495968818664551,27.524255752563477,27.386642456054688,,,,,,,,,,,,,,
"297","139044791",45.517188333299998,-122.716836666700004,Portland,Multnomah,15.250562667846680,27.566652297973633,27.419855117797852,,,,,,,,,,,,,,
"298","139058459",45.516888333300003,-122.713395000000006,Portland,Multnomah,15.785780906677246,27.621425628662109,27.428791046142582,,,,,,,,,,,,,,
"299","140539933",45.518366329199999,-122.716342832799995,Portland,Multnomah,15.700171470642090,27.608852386474609,27.460824966430664,,,,,,,,,,,,,,
"300","140653300",45.517779865300000,-122.717693952399998,Portland,Multnomah,15.405392646789551,27.519975662231445,27.414072036743164,,,,,,,,,,,,,,
"301","140653314",45.518059355100000,-122.717123615899993,Portland,Multnomah,15.510931015014648,27.366687774658203,27.459095001220703,,,,,,,,,,,,,,
"302","146004174",45.515680000000003,-122.715625000000003,Portland,Multnomah,15.266251564025877,27.550186157226562,27.373945236206055,,,,,,,,,,,,,,
"303","146005093",45.517305999999998,-122.718997999999999,Portland,Multnomah,15.325811386108398,27.434123992919918,27.370740890502930,,,,,,,,,,,,,,
"304","146006691",45.517305999999998,-122.718997999999999,Portland,Multnomah,15.325811386108398,27.434123992919918,27.370740890502930,,,,,,,,,,,,,,
"305","151406132",45.518285519999999,-122.716406829999997,Portland,Multnomah,15.703112602233887,27.621417999267582,27.460189819335938,,,,,,,,,,,,,,
"307","174154735",45.519732372000000,-122.718981030400002,Portland,Multnomah,15.791772842407227,27.403997421264648,27.487567901611328,,,,,,,,,,,,,,
"308","174162697",45.518046742400003,-122.717181177499995,Portland,Multnomah,15.568320274353027,27.344306945800781,27.459445953369141,,,,,,,,,,,,,,
"309","174165643",45.517704044299997,-122.717815249899999,Portland,Multnomah,15.332998275756836,27.523332595825195,27.411899566650391,,,,,,,,,,,,,,
"310","174166337",45.518307597300002,-122.716400126400004,Portland,Multnomah,15.698949813842773,27.624132156372070,27.459970474243164,,,,,,,,,,,,,,
"311","183004876",45.466330284300000,-122.671376718299996,Portland,Multnomah,16.693929672241211,29.132045745849609,26.987052917480469,,,,,,,,,,,,,,
"313","183119583",45.513976272500003,-122.719568333500007,Portland,Multnomah,15.739962577819824,26.390590667724609,27.358253479003906,,,,,,,,,,,,,,
"314","183123448",45.513831158199999,-122.719465540800002,Portland,Multnomah,15.743496894836426,26.420850753784180,27.354379653930664,,,,,,,,,,,,,,
"315","183134544",45.513934255599999,-122.719464870300001,Portland,Multnomah,15.742184638977051,26.421064376831055,27.351970672607418,,,,,,,,,,,,,,
"316","183161129",45.513373673899999,-122.719350289700003,Portland,Multnomah,15.756378173828123,26.423181533813477,27.339492797851562,,,,,,,,,,,,,,
"317","183166228",45.513696000000003,-122.719526999999999,Portland,Multnomah,15.763614654541016,26.411842346191406,27.390085220336918,,,,,,,,,,,,,,
"318","183389876",45.517575000000001,-122.717841666699996,Portland,Multnomah,15.311153411865234,27.513053894042969,27.406093597412109,,,,,,,,,,,,,,
"319","183394876",45.517608333299997,-122.718761666700004,Portland,Multnomah,15.327619552612305,27.441825866699219,27.373249053955082,,,,,,,,,,,,,,
"320","183401896",45.517603333300002,-122.718720000000005,Portland,Multnomah,15.338215827941895,27.471868515014648,27.370447158813477,,,,,,,,,,,,,,
"321","183886955",45.517588333299997,-122.718671666700004,Portland,Multnomah,15.329668998718262,27.474458694458008,27.369483947753906,,,,,,,,,,,,,,
"322","184168195",45.516811377200000,-122.718011678699995,Portland,Multnomah,15.461413383483887,27.430458068847656,27.383167266845703,,,,,,,,,,,,,,
"323","184221787",45.517061666700002,-122.717905000000002,Portland,Multnomah,15.245680809020996,27.483638763427734,27.398799896240234,,,,,,,,,,,,,,
"324","184392340",45.486277860000001,-122.650249009999996,Portland,Multnomah,16.389190673828125,31.378477096557617,29.404901504516602,,,,,,,,,,,,,,
"325","184395159",45.485576260000002,-122.650199670000006,Portland,Multnomah,16.262138366699219,31.370561599731445,29.429229736328125,,,,,,,,,,,,,,
"326","184427581",45.516762430000000,-122.718202399999996,Portland,Multnomah,15.477998733520508,27.451103210449219,27.374000549316406,,,,,,,,,,,,,,
"327","184466110",45.517530894499998,-122.717573232299998,Portland,Multnomah,15.279786109924316,27.475496292114254,27.419826507568359,,,,,,,,,,,,,,
"328","184554137",45.513600815700002,-122.719436389600006,Portland,Multnomah,15.743881225585938,26.422943115234375,27.354717254638672,,,,,,,,,,,,,,
"329","184625581",45.518180000000001,-122.716628333299994,Portland,Multnomah,15.637491226196291,27.596269607543945,27.466348648071289,,,,,,,,,,,,,,
"330","185160072",45.517169722299997,-122.714424994500007,Portland,Multnomah,15.897095680236816,27.566011428833008,27.410881042480469,,,,,,,,,,,,,,
"331","185167024",45.515889871699997,-122.718338504000002,Portland,Multnomah,15.150454521179199,27.487428665161133,27.363237380981445,,,,,,,,,,,,,,
"332","185184513",45.513713333299997,-122.719620000000006,Portland,Multnomah,15.762918472290041,26.407426834106445,27.390104293823246,,,,,,,,,,,,,,
"333","185186534",45.513244999999998,-122.719513333300000,Portland,Multnomah,15.733824729919434,26.409650802612305,27.342609405517582,,,,,,,,,,,,,,
"334","185237466",45.517940000000003,-122.713296999999997,Portland,Multnomah,16.127304077148438,27.710050582885746,27.498468399047852,,,,,,,,,,,,,,
"335","185337032",45.511204702000001,-122.718846276199997,Portland,Multnomah,14.986058235168459,27.304750442504883,27.319200515747070,,,,,,,,,,,,,,
"336","185338518",45.511103966999997,-122.718658264100000,Portland,Multnomah,14.982949256896973,27.454500198364254,27.302026748657227,,,,,,,,,,,,,,
"337","185340693",45.511265918699998,-122.719607194999995,Portland,Multnomah,15.099353790283203,27.001659393310547,27.306644439697266,,,,,,,,,,,,,,
"338","185342906",45.511175771300003,-122.719598142500004,Portland,Multnomah,15.094041824340820,27.027654647827148,27.291620254516602,,,,,,,,,,,,,,
"339","185343834",45.511357574800002,-122.719466546700005,Portland,Multnomah,15.065496444702148,27.036495208740234,27.321279525756836,,,,,,,,,,,,,,
"340","185374900",45.519035322699999,-122.709147880299994,Portland,Multnomah,16.552015304565430,27.954730987548828,27.501226425170898,,,,,,,,,,,,,,
"341","185375548",45.517402740400001,-122.715579283200000,Portland,Multnomah,15.396694183349609,27.517560958862305,27.420328140258789,,,,,,,,,,,,,,
"342","185523701",45.516708333300002,-122.714691666700006,Portland,Multnomah,15.286996841430664,27.546667098999023,27.414964675903320,,,,,,,,,,,,,,
"343","185525872",45.517436666700000,-122.719046666699995,Portland,Multnomah,15.336521148681641,27.476869583129883,27.371189117431641,,,,,,,,,,,,,,
"344","185526027",45.517521666699999,-122.718903333300005,Portland,Multnomah,15.356941223144531,27.451894760131836,27.362785339355469,,,,,,,,,,,,,,
"345","185526479",45.516930000000002,-122.717971666699995,Portland,Multnomah,15.253515243530273,27.473875045776367,27.388998031616211,,,,,,,,,,,,,,
"346","185647178",45.516461000000000,-122.713987000000003,Portland,Multnomah,15.391963958740234,27.668388366699219,27.418462753295898,,,,,,,,,,,,,,
"347","185648242",45.516539999999999,-122.714853000000005,Portland,Multnomah,15.289025306701660,27.472742080688477,27.420969009399418,,,,,,,,,,,,,,
"348","185648954",45.516503999999998,-122.714723000000006,Portland,Multnomah,15.286100387573242,27.478422164916992,27.413160324096680,,,,,,,,,,,,,,
"349","185649594",45.516441000000000,-122.714718000000005,Portland,Multnomah,15.288484573364258,27.485988616943359,27.410671234130859,,,,,,,,,,,,,,
"350","185650018",45.516193000000001,-122.714557999999997,Portland,Multnomah,15.321699142456055,27.514984130859375,27.410657882690430,,,,,,,,,,,,,,
"351","185686562",45.476213888899998,-122.555544444399999,Portland,Multnomah,15.218410491943359,31.754026412963867,29.480319976806641,,,,,,,,,,,,,,
"352","185781933",45.511650880700003,-122.718097202799996,Portland,Multnomah,14.918868064880373,27.465398788452148,27.297389984130859,,,,,,,,,,,,,,
"353","185782730",45.510822417100002,-122.717351351299996,Portland,Multnomah,14.934477806091309,27.631843566894531,27.240743637084961,,,,,,,,,,,,,,
"354","185786308",45.511392659499997,-122.716116994299995,Portland,Multnomah,14.931496620178223,27.318408966064453,27.311382293701172,,,,,,,,,,,,,,
"355","185790836",45.513189181599998,-122.714280157100006,Portland,Multnomah,15.108370780944824,27.431129455566406,27.358396530151367,,,,,,,,,,,,,,
"356","185791192",45.513163338200002,-122.714277771699997,Portland,Multnomah,15.113960266113281,27.427196502685547,27.357185363769531,,,,,,,,,,,,,,
"357","185793808",45.514347991199998,-122.715915018499999,Portland,Multnomah,15.236571311950684,27.423759460449219,27.424486160278320,,,,,,,,,,,,,,
"358","186050708",45.519555227100000,-122.718861064899997,Portland,Multnomah,15.803954124450684,27.444616317749023,27.486616134643555,,,,,,,,,,,,,,
"359","186051285",45.517702460499997,-122.716651362999997,Portland,Multnomah,15.269990921020508,27.553073883056641,27.451234817504883,,,,,,,,,,,,,,
"360","186051779",45.518816370200000,-122.718207029599995,Portland,Multnomah,15.646666526794434,27.582147598266602,27.464796066284180,,,,,,,,,,,,,,
"361","187665073",45.575013800000001,-122.648674200000002,Portland,Multnomah,16.079542160034180,31.644039154052734,29.111890792846680,,,,,,,,,,,,,,
"362","187674196",45.516641666699996,-122.718050000000005,Portland,Multnomah,15.474172592163086,27.522193908691406,27.382652282714844,,,,,,,,,,,,,,
"363","187674335",45.516518333299999,-122.717966666699994,Portland,Multnomah,15.199602127075195,27.448917388916016,27.387914657592773,,,,,,,,,,,,,,
"364","187674701",45.517051666699999,-122.717823333300004,Portland,Multnomah,15.254858016967773,27.515903472900391,27.408176422119141,,,,,,,,,,,,,,
"365","187682549",45.516833333299999,-122.717593333300002,Portland,Multnomah,15.210595130920410,27.562078475952148,27.397104263305664,,,,,,,,,,,,,,
"371","188319712",45.494512966899997,-122.624696223200004,Portland,Multnomah,15.508152008056641,31.124597549438477,29.052873611450195,,,,,,,,,,,,,,
"372","188426458",45.500795580499997,-122.681701546599996,Portland,Multnomah,16.857358932495117,31.285295486450195,28.151601791381836,,,,,,,,,,,,,,
"377","189149330",45.486684730299999,-122.614990230800004,Portland,Multnomah,14.555771827697754,31.344514846801754,29.271934509277344,,,,,,,,,,,,,,
"387","189163248",45.467131666699999,-122.559330000000003,Portland,Multnomah,16.190835952758789,31.227281570434570,27.895147323608398,,,,,,,,,,,,,,
"388","189164496",45.464071666700001,-122.571470000000005,Portland,Multnomah,14.497241020202637,31.409181594848633,29.135774612426754,,,,,,,,,,,,,,
"389","189282484",45.520065228900002,-122.597439983599998,Portland,Multnomah,15.807952880859377,31.120780944824219,27.465011596679688,,,,,,,,,,,,,,
"396","189894593",45.496445996299997,-122.498968510899999,Portland,Multnomah,14.235758781433105,31.363483428955082,28.764490127563477,,,,,,,,,,,,,,
"397","189895335",45.496821777500003,-122.510150446300003,Portland,Multnomah,14.253042221069336,31.485342025756836,28.504125595092773,,,,,,,,,,,,,,
"398","189897121",45.505102813000001,-122.560873008900003,Portland,Multnomah,15.268074035644531,31.990224838256836,30.006252288818359,,,,,,,,,,,,,,
"399","189899044",45.493296613100000,-122.484732025599996,Portland,Multnomah,15.088013648986816,31.584274291992188,29.516824722290039,,,,,,,,,,,,,,
"400","189900591",45.485951957200001,-122.534152474899997,Portland,Multnomah,13.980359077453613,31.321002960205082,28.773061752319336,,,,,,,,,,,,,,
"401","189901728",45.493315864800003,-122.559764867300004,Portland,Multnomah,14.255043029785156,31.541664123535156,29.182382583618164,,,,,,,,,,,,,,
"402","189902753",45.518464709000000,-122.542849757300004,Portland,Multnomah,15.323116302490234,31.713245391845703,29.325862884521484,,,,,,,,,,,,,,
"403","189903234",45.513247669499997,-122.543759226099993,Portland,Multnomah,14.525836944580078,31.571367263793945,29.304111480712891,,,,,,,,,,,,,,
"404","189904007",45.509121507700002,-122.535005471299996,Portland,Multnomah,14.453632354736328,31.456300735473633,29.369634628295898,,,,,,,,,,,,,,
"407","190421085",45.469432223299997,-122.743431346600005,Portland,Multnomah,14.733260154724123,30.112821578979492,27.127290725708008,,,,,,,,,,,,,,
"408","190422338",45.482314627500003,-122.708591350299997,Portland,Multnomah,15.486249923706055,30.071527481079102,27.142644882202148,,,,,,,,,,,,,,
"409","190437606",45.559453333299999,-122.595304999999996,Portland,Multnomah,14.211340904235840,31.485382080078125,28.745557785034180,,,,,,,,,,,,,,
"410","190438768",45.559016666700003,-122.594894999999994,Portland,Multnomah,14.143582344055176,31.514823913574219,29.012422561645508,,,,,,,,,,,,,,
"411","190440100",45.559128333300002,-122.593779999999995,Portland,Multnomah,14.204622268676758,31.473909378051754,29.099870681762695,,,,,,,,,,,,,,
"413","190459742",45.481566666699997,-122.697778333299993,Portland,Multnomah,15.891037940979004,29.820652008056641,27.514495849609375,,,,,,,,,,,,,,
"414","190460000",45.481463333299999,-122.698753333300004,Portland,Multnomah,16.173301696777344,29.849628448486328,27.459863662719727,,,,,,,,,,,,,,
"415","190462888",45.478378333300000,-122.688545000000005,Portland,Multnomah,15.465449333190918,29.469455718994141,27.051591873168945,,,,,,,,,,,,,,
"416","190462995",45.478286666700001,-122.688278333300005,Portland,Multnomah,15.470005989074709,29.524421691894531,27.054510116577148,,,,,,,,,,,,,,
"421","191204889",45.548490146500001,-122.551706057600001,Portland,Multnomah,14.661164283752441,31.202083587646484,29.020360946655273,,,,,,,,,,,,,,
"422","191206427",45.537067183500000,-122.540684152099999,Portland,Multnomah,14.133103370666504,31.793081283569336,29.515941619873047,,,,,,,,,,,,,,
"423","191207255",45.540272614499997,-122.555643354500006,Portland,Multnomah,14.148400306701660,31.373373031616211,28.864513397216797,,,,,,,,,,,,,,
"424","191208171",45.537903870900003,-122.542232904700001,Portland,Multnomah,14.128247261047363,31.762834548950195,29.388051986694336,,,,,,,,,,,,,,
"425","191210073",45.544328649599997,-122.493278523699999,Portland,Multnomah,15.958750724792480,31.435621261596680,29.134740829467773,,,,,,,,,,,,,,
"426","191210850",45.545558070200002,-122.493753459000004,Portland,Multnomah,16.375022888183594,31.445835113525391,29.201101303100582,,,,,,,,,,,,,,
"427","191211311",45.545715757300002,-122.494128943299998,Portland,Multnomah,16.410644531250000,31.399091720581055,29.256591796875000,,,,,,,,,,,,,,
"428","191211771",45.545509850899997,-122.494299463299996,Portland,Multnomah,16.412141799926758,31.346607208251953,29.268007278442383,,,,,,,,,,,,,,
"437","191295547",45.494174549999997,-122.567232529999998,Portland,Multnomah,16.035085678100586,32.296218872070312,29.534902572631836,,,,,,,,,,,,,,
"438","191299010",45.514190229999997,-122.576043319999997,Portland,Multnomah,14.765970230102541,31.595869064331055,29.257293701171875,,,,,,,,,,,,,,
"443","191430342",45.479613333300001,-122.687783333300004,Portland,Multnomah,15.689428329467773,29.287467956542969,26.965333938598633,,,,,,,,,,,,,,
"449","191625420",45.502637000800000,-122.692185798799997,Portland,Multnomah,16.780570983886719,27.330169677734375,27.501306533813477,,,,,,,,,,,,,,
"450","192101081",45.591773452900000,-122.722084937800005,Portland,Multnomah,15.746550559997559,31.463348388671875,29.186342239379883,,,,,,,,,,,,,,
"451","192101768",45.591856156299997,-122.722174696899998,Portland,Multnomah,15.714467048645020,31.452013015747070,29.199489593505859,,,,,,,,,,,,,,
"452","192103152",45.584724059700001,-122.727831009100001,Portland,Multnomah,15.513546943664551,32.065486907958984,29.334945678710938,,,,,,,,,,,,,,
"460","192592689",45.530413072499996,-122.715169880399998,Portland,Multnomah,16.417070388793945,28.226911544799805,27.480266571044918,,,,,,,,,,,,,,
"462","194142728",45.590449999999997,-122.716657999999995,Portland,Multnomah,15.171501159667969,31.533117294311523,29.298000335693359,,,,,,,,,,,,,,
"463","194463439",45.572691666700003,-122.611603333299996,Portland,Multnomah,16.544034957885742,31.750194549560547,29.194641113281246,,,,,,,,,,,,,,
"464","195115893",45.503738634299999,-122.682265229600006,Portland,Multnomah,16.408742904663086,31.634649276733398,28.021409988403320,,,,,,,,,,,,,,
"465","195702615",45.503588333300002,-122.682829999999996,Portland,Multnomah,16.548095703125000,31.527269363403320,28.259193420410156,,,,,,,,,,,,,,
